ID,altloc,resname,resid,x_1,y_1,z_1,resolution,release_date,seq_length
1e8o_0_1,0,G,1,27.914,-1.248,91.182,3.2,2000-11-08,50
1e8o_0_2,0,G,2,25.114,3.741,91.471,3.2,2000-11-08,50
1e8o_0_3,0,G,3,25.207,9.152,92.059,3.2,2000-11-08,50
1e8o_0_4,0,C,4,28.667,14.111,92.009,3.2,2000-11-08,50
1e8o_0_5,0,C,5,33.359,17.016,91.004,3.2,2000-11-08,50
1e8o_0_6,0,G,6,30.123,23.713,88.787,3.2,2000-11-08,50
1e8o_0_7,0,G,7,25.876,27.102,87.078,3.2,2000-11-08,50
1e8o_0_8,0,G,8,23.989,31.245,83.547,3.2,2000-11-08,50
1e8o_0_9,0,C,9,23.175,34.229,78.702,3.2,2000-11-08,50
1e8o_0_10,0,G,10,24.519,35.007,73.673,3.2,2000-11-08,50
1e8o_0_11,0,C,11,26.732,33.477,68.996,3.2,2000-11-08,50
1e8o_0_12,0,G,12,29.024,29.191,66.104,3.2,2000-11-08,50
1e8o_0_13,0,G,13,29.438,23.788,64.731,3.2,2000-11-08,50
1e8o_0_14,0,U,14,26.886,18.749,63.564,3.2,2000-11-08,50
1e8o_0_15,0,G,15,21.295,14.877,61.159,3.2,2000-11-08,50
1e8o_0_16,0,G,16,22.637,14.58,66.556,3.2,2000-11-08,50
1e8o_0_17,0,C,17,26.268,14.004,70.84,3.2,2000-11-08,50
1e8o_0_18,0,G,18,31.117,15.31,72.333,3.2,2000-11-08,50
1e8o_0_19,0,C,19,32.458,20.21,70.822,3.2,2000-11-08,50
1e8o_0_20,0,G,20,34.446,26.006,69.515,3.2,2000-11-08,50
1e8o_0_21,0,C,21,34.221,31.713,70.663,3.2,2000-11-08,50
1e8o_0_22,0,G,22,32.437,35.924,73.874,3.2,2000-11-08,50
1e8o_0_23,0,C,23,30.575,37.696,78.304,3.2,2000-11-08,50
1e8o_0_24,0,C,24,28.671,36.655,83.705,3.2,2000-11-08,50
1e8o_0_25,0,U,25,29.349,33.897,88.202,3.2,2000-11-08,50
1e8o_0_26,0,G,26,30.251,29.646,92.15,3.2,2000-11-08,50
1e8o_0_27,0,U,27,32.26,25.422,95.638,3.2,2000-11-08,50
1e8o_0_28,0,A,28,36.621,22.495,100.715,3.2,2000-11-08,50
1e8o_0_29,0,G,29,36.295,19.613,96.068,3.2,2000-11-08,50
1e8o_0_30,0,U,30,38.972,18.269,87.879,3.2,2000-11-08,50
1e8o_0_31,0,C,31,42.58,16.884,84.568,3.2,2000-11-08,50
1e8o_0_32,0,C,32,43.8,14.774,79.775,3.2,2000-11-08,50
1e8o_0_33,0,C,33,42.355,13.212,74.632,3.2,2000-11-08,50
1e8o_0_34,0,A,34,39.565,13.752,70.139,3.2,2000-11-08,50
1e8o_0_35,0,G,35,36.289,10.862,69.542,3.2,2000-11-08,50
1e8o_0_36,0,C,36,30.955,8.425,68.657,3.2,2000-11-08,50
1e8o_0_37,0,U,37,28.909,6.855,63.446,3.2,2000-11-08,50
1e8o_0_38,0,A,38,21.836,7.119,63.462,3.2,2000-11-08,50
1e8o_0_39,0,C,39,22.755,7.418,68.856,3.2,2000-11-08,50
1e8o_0_40,0,U,40,19.018,12.369,73.938,3.2,2000-11-08,50
1e8o_0_41,0,C,41,24.586,6.551,74.146,3.2,2000-11-08,50
1e8o_0_42,0,G,42,32.954,8.919,72.266,3.2,2000-11-08,50
1e8o_0_43,0,G,43,37.658,7.366,75.319,3.2,2000-11-08,50
1e8o_0_44,0,G,44,41.593,7.458,79.514,3.2,2000-11-08,50
1e8o_0_45,0,A,45,43.222,9.022,84.557,3.2,2000-11-08,50
1e8o_0_46,0,G,46,42.27,10.998,89.418,3.2,2000-11-08,50
1e8o_0_47,0,G,47,39.129,12.559,93.884,3.2,2000-11-08,50
1e8o_0_48,0,C,48,34.335,12.577,96.913,3.2,2000-11-08,50
1e8o_0_49,0,U,49,30.238,10.065,98.448,3.2,2000-11-08,50
1e8o_0_50,0,C,50,26.105,5.729,99.195,3.2,2000-11-08,50
8gzp_0_1,0,A,1,109.081,119.24,113.879,3.6,2023-08-02,168
8gzp_0_2,0,G,2,110.412,119.281,108.885,3.6,2023-08-02,168
8gzp_0_3,0,U,3,114.683,118.134,106.831,3.6,2023-08-02,168
8gzp_0_4,0,U,4,117.953,114.434,107.055,3.6,2023-08-02,168
8gzp_0_5,0,G,5,124.351,113.423,106.058,3.6,2023-08-02,168
8gzp_0_6,0,U,6,129.334,111.339,106.332,3.6,2023-08-02,168
8gzp_0_7,0,U,7,132.982,107.511,106.185,3.6,2023-08-02,168
8gzp_0_8,0,A,8,135.233,102.834,103.978,3.6,2023-08-02,168
8gzp_0_9,0,G,9,134.733,98.735,100.825,3.6,2023-08-02,168
8gzp_0_10,0,U,10,131.733,96.274,96.547,3.6,2023-08-02,168
8gzp_0_11,0,C,11,128.616,95.999,91.679,3.6,2023-08-02,168
8gzp_0_12,0,U,12,127.515,99.225,86.996,3.6,2023-08-02,168
8gzp_0_13,0,G,13,128.668,103.072,83.011,3.6,2023-08-02,168
8gzp_0_14,0,U,14,132.457,105.807,80.623,3.6,2023-08-02,168
8gzp_0_15,0,G,15,137.291,107.505,79.595,3.6,2023-08-02,168
8gzp_0_16,0,U,16,142.406,107.403,79.791,3.6,2023-08-02,168
8gzp_0_17,0,G,17,144.894,103.879,78.465,3.6,2023-08-02,168
8gzp_0_18,0,G,18,149.449,97.882,76.471,3.6,2023-08-02,168
8gzp_0_19,0,A,19,145.077,96.671,78.49,3.6,2023-08-02,168
8gzp_0_20,0,C,20,142.846,91.229,76.206,3.6,2023-08-02,168
8gzp_0_21,0,C,21,141.458,87.346,73.24,3.6,2023-08-02,168
8gzp_0_22,0,G,22,140.505,82.141,72.192,3.6,2023-08-02,168
8gzp_0_23,0,A,23,139.967,77.114,73.313,3.6,2023-08-02,168
8gzp_0_24,0,C,24,138.113,74.245,77.292,3.6,2023-08-02,168
8gzp_0_25,0,A,25,135.261,72.668,81.424,3.6,2023-08-02,168
8gzp_0_26,0,A,26,134.915,71.386,87.124,3.6,2023-08-02,168
8gzp_0_27,0,G,27,130.443,73.063,89.075,3.6,2023-08-02,168
8gzp_0_28,0,G,28,125.776,75.996,89.109,3.6,2023-08-02,168
8gzp_0_29,0,A,29,121.44,77.699,87.059,3.6,2023-08-02,168
8gzp_0_30,0,C,30,117.574,76.469,83.311,3.6,2023-08-02,168
8gzp_0_31,0,A,31,114.159,72.533,81.517,3.6,2023-08-02,168
8gzp_0_32,0,G,32,113.563,75.093,75.197,3.6,2023-08-02,168
8gzp_0_33,0,U,33,120.703,71.188,74.565,3.6,2023-08-02,168
8gzp_0_34,0,U,34,119.301,77.646,77.257,3.6,2023-08-02,168
8gzp_0_35,0,C,35,122.788,80.294,79.63,3.6,2023-08-02,168
8gzp_0_36,0,C,36,126.693,81.298,83.398,3.6,2023-08-02,168
8gzp_0_37,0,A,37,131.604,80.13,84.899,3.6,2023-08-02,168
8gzp_0_38,0,A,38,136.397,77.912,88.374,3.6,2023-08-02,168
8gzp_0_39,0,A,39,140.766,75.614,87.173,3.6,2023-08-02,168
8gzp_0_40,0,U,40,143.909,74.649,82.926,3.6,2023-08-02,168
8gzp_0_41,0,C,41,146.224,75.444,77.895,3.6,2023-08-02,168
8gzp_0_42,0,G,42,147.261,78.657,73.845,3.6,2023-08-02,168
8gzp_0_43,0,G,43,148.178,83.455,71.897,3.6,2023-08-02,168
8gzp_0_44,0,A,44,148.644,89.27,72.665,3.6,2023-08-02,168
8gzp_0_45,0,A,45,150.963,93.321,75.118,3.6,2023-08-02,168
8gzp_0_46,0,G,46,153.905,95.404,79.228,3.6,2023-08-02,168
8gzp_0_47,0,C,47,158.241,95.078,82.13,3.6,2023-08-02,168
8gzp_0_48,0,U,48,163.031,88.997,81.13,3.6,2023-08-02,168
8gzp_0_49,0,G,49,159.818,85.129,83.923,3.6,2023-08-02,168
8gzp_0_50,0,C,50,156.685,86.814,85.565,3.6,2023-08-02,168
8gzp_0_51,0,U,51,152.075,89.793,85.32,3.6,2023-08-02,168
8gzp_0_52,0,U,52,146.75,90.434,83.112,3.6,2023-08-02,168
8gzp_0_53,0,A,53,146.301,96.534,85.349,3.6,2023-08-02,168
8gzp_0_54,0,A,54,145.735,101.02,87.52,3.6,2023-08-02,168
8gzp_0_55,0,C,55,143.461,105.589,88.043,3.6,2023-08-02,168
8gzp_0_56,0,A,56,139.756,109.23,86.831,3.6,2023-08-02,168
8gzp_0_57,0,C,57,134.69,110.761,86.668,3.6,2023-08-02,168
8gzp_0_58,0,A,58,129.57,110.078,87.823,3.6,2023-08-02,168
8gzp_0_59,0,G,59,124.473,105.729,90.642,3.6,2023-08-02,168
8gzp_0_60,0,U,60,118.391,105.033,93.725,3.6,2023-08-02,168
8gzp_0_61,0,U,61,125.284,99.218,92.538,3.6,2023-08-02,168
8gzp_0_62,0,C,62,125.285,96.813,96.984,3.6,2023-08-02,168
8gzp_0_63,0,U,63,127.672,96.368,101.535,3.6,2023-08-02,168
8gzp_0_64,0,A,64,129.331,97.909,106.368,3.6,2023-08-02,168
8gzp_0_65,0,A,65,129.545,100.897,110.304,3.6,2023-08-02,168
8gzp_0_66,0,C,66,129.949,106.219,112.117,3.6,2023-08-02,168
8gzp_0_67,0,A,67,126.687,112.337,112.674,3.6,2023-08-02,168
8gzp_0_68,0,G,68,115.107,111.314,121.114,3.6,2023-08-02,168
4x0b_0_1,0,G,1,69.898,155.301,147.357,3.2,2015-04-15,77
4x0b_0_2,0,G,2,69.727,149.346,149.496,3.2,2015-04-15,77
4x0b_0_3,0,G,3,71.383,145.058,154.008,3.2,2015-04-15,77
4x0b_0_4,0,C,4,72.781,144.531,159.016,3.2,2015-04-15,77
4x0b_0_5,0,C,5,75.031,145.205,163.507,3.2,2015-04-15,77
4x0b_0_6,0,A,6,74.835,147.976,167.12,3.2,2015-04-15,77
4x0b_0_7,0,G,7,74.145,151.997,169.867,3.2,2015-04-15,77
4x0b_0_8,0,G,8,68.647,155.53,171.43,3.2,2015-04-15,77
4x0b_0_9,0,U,9,68.381,155.827,179.738,3.2,2015-04-15,77
4x0b_0_10,0,A,10,68.204,162.341,182.584,3.2,2015-04-15,77
4x0b_0_11,0,G,11,71.083,168.664,180.705,3.2,2015-04-15,77
4x0b_0_12,0,C,12,76.086,165.845,179.485,3.2,2015-04-15,77
4x0b_0_13,0,U,13,78.71,161.325,180.115,3.2,2015-04-15,77
4x0b_0_14,0,C,14,76.854,155.5,181.036,3.2,2015-04-15,77
4x0b_0_15,0,A,15,75.067,150.239,183.255,3.2,2015-04-15,77
4x0b_0_16,0,G,16,69.894,147.567,183.506,3.2,2015-04-15,77
4x0b_0_17,0,U,17,66.351,139.983,180.355,3.2,2015-04-15,77
4x0b_0_18,0,U,18,63.511,134.572,183.407,3.2,2015-04-15,77
4x0b_0_19,0,G,19,57.321,140.781,181.07,3.2,2015-04-15,77
4x0b_0_20,0,G,20,55.664,143.017,187.507,3.2,2015-04-15,77
4x0b_0_21,0,U,21,55.552,149.062,190.209,3.2,2015-04-15,77
4x0b_0_22,0,A,22,63.466,152.011,187.66,3.2,2015-04-15,77
4x0b_0_23,0,G,23,69.448,154.044,188.879,3.2,2015-04-15,77
4x0b_0_24,0,A,24,75.235,156.765,189.286,3.2,2015-04-15,77
4x0b_0_25,0,G,25,78.615,161.133,188.985,3.2,2015-04-15,77
4x0b_0_26,0,C,26,78.009,166.764,188.049,3.2,2015-04-15,77
4x0b_0_27,0,A,27,73.863,171.214,186.601,3.2,2015-04-15,77
4x0b_0_28,0,C,28,67.31,172.157,188.765,3.2,2015-04-15,77
4x0b_0_29,0,U,29,63.602,174.185,191.835,3.2,2015-04-15,77
4x0b_0_30,0,G,30,62.704,175.016,197.534,3.2,2015-04-15,77
4x0b_0_31,0,G,31,64.23,175.789,202.445,3.2,2015-04-15,77
4x0b_0_32,0,A,32,68.026,175.61,206.86,3.2,2015-04-15,77
4x0b_0_33,0,C,33,72.979,178.532,206.245,3.2,2015-04-15,77
4x0b_0_34,0,U,34,74.629,184.288,204.582,3.2,2015-04-15,77
4x0b_0_35,0,G,35,75.535,191.395,204.767,3.2,2015-04-15,77
4x0b_0_36,0,A,36,75.42,188.83,199.397,3.2,2015-04-15,77
4x0b_0_37,0,A,37,77.379,184.607,197.273,3.2,2015-04-15,77
4x0b_0_38,0,A,38,79.45,179.617,197.288,3.2,2015-04-15,77
4x0b_0_39,0,A,39,80.703,175.235,199.625,3.2,2015-04-15,77
4x0b_0_40,0,U,40,78.114,171.823,202.295,3.2,2015-04-15,77
4x0b_0_41,0,C,41,73.534,169.352,204.903,3.2,2015-04-15,77
4x0b_0_42,0,C,42,68.45,167.692,204.535,3.2,2015-04-15,77
4x0b_0_43,0,A,43,65.924,166.139,201.038,3.2,2015-04-15,77
4x0b_0_44,0,G,44,63.413,165.433,196.96,3.2,2015-04-15,77
4x0b_0_45,0,G,45,62.032,166.854,189.73,3.2,2015-04-15,77
4x0b_0_46,0,U,46,66.611,163.674,187.835,3.2,2015-04-15,77
4x0b_0_47,0,G,47,62.342,160.258,182.958,3.2,2015-04-15,77
4x0b_0_48,0,U,48,55.509,159.646,178.44,3.2,2015-04-15,77
4x0b_0_49,0,C,49,63.839,154.674,179.114,3.2,2015-04-15,77
4x0b_0_50,0,G,50,63.373,156.951,169.986,3.2,2015-04-15,77
4x0b_0_51,0,G,51,58.209,157.797,167.283,3.2,2015-04-15,77
4x0b_0_52,0,C,52,53.553,155.036,166.286,3.2,2015-04-15,77
4x0b_0_53,0,G,53,50.429,150.684,166.213,3.2,2015-04-15,77
4x0b_0_54,0,G,54,49.677,145.549,167.543,3.2,2015-04-15,77
4x0b_0_55,0,U,55,49.91,140.864,170.923,3.2,2015-04-15,77
4x0b_0_56,0,U,56,49.15,140.743,176.321,3.2,2015-04-15,77
4x0b_0_57,0,C,57,45.322,141.79,182.345,3.2,2015-04-15,77
4x0b_0_58,0,G,58,49.963,144.612,181.717,3.2,2015-04-15,77
4x0b_0_59,0,A,59,55.402,146.134,176.725,3.2,2015-04-15,77
4x0b_0_60,0,U,60,61.95,149.939,177.922,3.2,2015-04-15,77
4x0b_0_61,0,U,61,61.436,143.766,176.779,3.2,2015-04-15,77
4x0b_0_62,0,C,62,57.702,140.116,172.001,3.2,2015-04-15,77
4x0b_0_63,0,C,63,56.763,141.489,166.93,3.2,2015-04-15,77
4x0b_0_64,0,G,64,55.67,145.311,162.592,3.2,2015-04-15,77
4x0b_0_65,0,C,65,56.305,150.08,160.23,3.2,2015-04-15,77
4x0b_0_66,0,C,66,58.915,154.716,160.685,3.2,2015-04-15,77
4x0b_0_67,0,C,67,62.716,158.872,163.402,3.2,2015-04-15,77
4x0b_0_68,0,C,68,68.162,159.713,164.407,3.2,2015-04-15,77
4x0b_0_69,0,U,69,73.406,158.699,164.819,3.2,2015-04-15,77
4x0b_0_70,0,G,70,77.913,155.483,163.548,3.2,2015-04-15,77
4x0b_0_71,0,G,71,80.105,151.769,161.019,3.2,2015-04-15,77
4x0b_0_72,0,C,72,80.439,147.531,158.137,3.2,2015-04-15,77
4x0b_0_73,0,C,73,78.54,146.393,153.141,3.2,2015-04-15,77
4x0b_0_74,0,C,74,77.16,145.897,148.154,3.2,2015-04-15,77
4x0b_0_75,0,A,75,77.548,150.08,145.585,3.2,2015-04-15,77
4x0b_0_76,0,C,76,76.326,147.995,137.583,3.2,2015-04-15,77
4x0b_0_77,0,C,77,73.821,145.054,134.937,3.2,2015-04-15,77
8gzq_0_1,0,A,1,109.352,118.033,114.589,3.9,2023-08-02,168
8gzq_0_2,0,G,2,110.674,118.361,109.801,3.9,2023-08-02,168
8gzq_0_3,0,U,3,114.841,117.968,107.256,3.9,2023-08-02,168
8gzq_0_4,0,U,4,118.108,114.027,106.886,3.9,2023-08-02,168
8gzq_0_5,0,G,5,122.133,111.251,105.49,3.9,2023-08-02,168
8gzq_0_6,0,U,6,127.991,110.494,106.048,3.9,2023-08-02,168
8gzq_0_7,0,U,7,132.772,107.47,104.89,3.9,2023-08-02,168
8gzq_0_8,0,A,8,134.988,102.649,102.713,3.9,2023-08-02,168
8gzq_0_9,0,G,9,134.392,98.755,99.223,3.9,2023-08-02,168
8gzq_0_10,0,U,10,131.281,96.534,95.507,3.9,2023-08-02,168
8gzq_0_11,0,C,11,128.163,97.304,91.216,3.9,2023-08-02,168
8gzq_0_12,0,U,12,126.661,100.4,86.33,3.9,2023-08-02,168
8gzq_0_13,0,G,13,128.023,104.267,82.368,3.9,2023-08-02,168
8gzq_0_14,0,U,14,131.725,107.372,80.37,3.9,2023-08-02,168
8gzq_0_15,0,G,15,136.577,109.208,79.582,3.9,2023-08-02,168
8gzq_0_16,0,U,16,141.608,108.669,79.355,3.9,2023-08-02,168
8gzq_0_17,0,G,17,144.328,104.807,78.608,3.9,2023-08-02,168
8gzq_0_18,0,G,18,148.891,99.86,73.987,3.9,2023-08-02,168
8gzq_0_19,0,A,19,145.265,97.901,77.118,3.9,2023-08-02,168
8gzq_0_20,0,C,20,142.919,93.793,74.995,3.9,2023-08-02,168
8gzq_0_21,0,C,21,141.876,89.686,71.082,3.9,2023-08-02,168
8gzq_0_22,0,G,22,140.941,84.95,69.84,3.9,2023-08-02,168
8gzq_0_23,0,A,23,140.917,79.323,71.253,3.9,2023-08-02,168
8gzq_0_24,0,C,24,138.849,76.273,74.68,3.9,2023-08-02,168
8gzq_0_25,0,A,25,136.059,75.171,78.899,3.9,2023-08-02,168
8gzq_0_26,0,A,26,135.722,73.32,84.81,3.9,2023-08-02,168
8gzq_0_27,0,G,27,131.493,75.034,86.916,3.9,2023-08-02,168
8gzq_0_28,0,G,28,126.994,77.724,86.913,3.9,2023-08-02,168
8gzq_0_29,0,A,29,122.488,79.078,85.54,3.9,2023-08-02,168
8gzq_0_30,0,C,30,118.341,78.336,81.962,3.9,2023-08-02,168
8gzq_0_31,0,A,31,115.079,74.859,80.048,3.9,2023-08-02,168
8gzq_0_32,0,G,32,114.509,77.26,73.969,3.9,2023-08-02,168
8gzq_0_33,0,U,33,121.521,73.162,72.541,3.9,2023-08-02,168
8gzq_0_34,0,U,34,119.978,79.523,75.999,3.9,2023-08-02,168
8gzq_0_35,0,C,35,123.35,82.467,78.094,3.9,2023-08-02,168
8gzq_0_36,0,C,36,127.27,83.157,81.401,3.9,2023-08-02,168
8gzq_0_37,0,A,37,131.71,81.76,82.858,3.9,2023-08-02,168
8gzq_0_38,0,A,38,137.36,79.964,86.593,3.9,2023-08-02,168
8gzq_0_39,0,A,39,141.218,77.575,84.615,3.9,2023-08-02,168
8gzq_0_40,0,U,40,144.229,76.787,80.374,3.9,2023-08-02,168
8gzq_0_41,0,C,41,146.363,77.895,75.395,3.9,2023-08-02,168
8gzq_0_42,0,G,42,147.759,81.224,71.719,3.9,2023-08-02,168
8gzq_0_43,0,G,43,148.091,86.121,69.899,3.9,2023-08-02,168
8gzq_0_44,0,A,44,149.528,91.394,70.92,3.9,2023-08-02,168
8gzq_0_45,0,A,45,151.201,95.392,73.983,3.9,2023-08-02,168
8gzq_0_46,0,G,46,154.226,97.254,77.948,3.9,2023-08-02,168
8gzq_0_47,0,C,47,158.563,96.983,80.367,3.9,2023-08-02,168
8gzq_0_48,0,U,48,162.89,91.067,78.957,3.9,2023-08-02,168
8gzq_0_49,0,G,49,159.716,86.678,80.788,3.9,2023-08-02,168
8gzq_0_50,0,C,50,156.577,88.639,83.738,3.9,2023-08-02,168
8gzq_0_51,0,U,51,152.011,91.638,83.622,3.9,2023-08-02,168
8gzq_0_52,0,U,52,147.174,92.502,81.347,3.9,2023-08-02,168
8gzq_0_53,0,A,53,146.484,97.734,84.038,3.9,2023-08-02,168
8gzq_0_54,0,A,54,145.904,102.287,85.81,3.9,2023-08-02,168
8gzq_0_55,0,C,55,142.957,106.29,87.397,3.9,2023-08-02,168
8gzq_0_56,0,A,56,139.124,109.817,86.742,3.9,2023-08-02,168
8gzq_0_57,0,C,57,134.205,111.358,86.349,3.9,2023-08-02,168
8gzq_0_58,0,A,58,129.421,110.774,87.052,3.9,2023-08-02,168
8gzq_0_59,0,G,59,124.974,105.121,88.77,3.9,2023-08-02,168
8gzq_0_60,0,U,60,119.083,106.469,92.783,3.9,2023-08-02,168
8gzq_0_61,0,U,61,124.71,99.721,91.746,3.9,2023-08-02,168
8gzq_0_62,0,C,62,124.761,97.573,95.87,3.9,2023-08-02,168
8gzq_0_63,0,U,63,127.476,96.273,100.402,3.9,2023-08-02,168
8gzq_0_64,0,A,64,129.209,97.358,104.962,3.9,2023-08-02,168
8gzq_0_65,0,A,65,131.955,100.871,109.25,3.9,2023-08-02,168
8gzq_0_66,0,C,66,129.353,107.356,112.124,3.9,2023-08-02,168
8gzq_0_67,0,G,67,115.833,109.866,120.115,3.9,2023-08-02,168
7uq6_0_1,0,G,1,20.713,57.735,8.459,2.951,2022-06-15,86
7uq6_0_2,0,C,2,20.339,57.898,2.118,2.951,2022-06-15,86
7uq6_0_3,0,G,3,21.309,54.508,-1.698,2.951,2022-06-15,86
7uq6_0_4,0,G,4,23.161,49.902,-3.893,2.951,2022-06-15,86
7uq6_0_5,0,A,5,24.941,44.554,-3.996,2.951,2022-06-15,86
7uq6_0_6,0,A,6,24.9,39.812,-1.804,2.951,2022-06-15,86
7uq6_0_7,0,G,7,22.875,35.807,1.29,2.951,2022-06-15,86
7uq6_0_8,0,U,8,22.801,27.634,-0.972,2.951,2022-06-15,86
7uq6_0_9,0,A,9,26.071,22.232,4.058,2.951,2022-06-15,86
7uq6_0_10,0,G,10,31.482,23.71,8.653,2.951,2022-06-15,86
7uq6_0_11,0,U,11,33.956,26.928,4.496,2.951,2022-06-15,86
7uq6_0_12,0,U,12,33.936,28.62,-0.836,2.951,2022-06-15,86
7uq6_0_13,0,C,13,31.106,28.268,-4.969,2.951,2022-06-15,86
7uq6_0_14,0,A,14,27.713,25.86,-9.351,2.951,2022-06-15,86
7uq6_0_15,0,G,15,22.888,25.654,-9.938,2.951,2022-06-15,86
7uq6_0_16,0,U,16,17.674,26.48,-17.524,2.951,2022-06-15,86
7uq6_0_17,0,G,17,10.161,27.627,-12.753,2.951,2022-06-15,86
7uq6_0_18,0,G,18,10.367,20.767,-12.571,2.951,2022-06-15,86
7uq6_0_19,0,U,19,13.654,15.037,-7.083,2.951,2022-06-15,86
7uq6_0_20,0,A,20,19.521,19.939,-3.695,2.951,2022-06-15,86
7uq6_0_21,0,G,21,24.806,19.414,-5.733,2.951,2022-06-15,86
7uq6_0_22,0,A,22,30.518,19.94,-6.313,2.951,2022-06-15,86
7uq6_0_23,0,A,23,35.756,21.026,-4.242,2.951,2022-06-15,86
7uq6_0_24,0,C,24,38.069,21.681,0.408,2.951,2022-06-15,86
7uq6_0_25,0,A,25,37.7,20.758,5.569,2.951,2022-06-15,86
7uq6_0_26,0,C,26,36.053,16.906,9.955,2.951,2022-06-15,86
7uq6_0_27,0,C,27,35.613,11.416,12.089,2.951,2022-06-15,86
7uq6_0_28,0,G,28,36.082,5.806,11.496,2.951,2022-06-15,86
7uq6_0_29,0,G,29,38.133,1.273,8.639,2.951,2022-06-15,86
7uq6_0_30,0,G,30,41.763,-0.784,5.075,2.951,2022-06-15,86
7uq6_0_31,0,U,31,45.957,-1.323,2.908,2.951,2022-06-15,86
7uq6_0_32,0,G,32,51.839,-8.859,4.217,2.951,2022-06-15,86
7uq6_0_33,0,G,33,56.527,-5.505,6.164,2.951,2022-06-15,86
7uq6_0_34,0,A,34,59.738,-1.804,4.553,2.951,2022-06-15,86
7uq6_0_35,0,A,35,65.153,1.319,3.594,2.951,2022-06-15,86
7uq6_0_36,0,C,36,64.89,5.377,0.462,2.951,2022-06-15,86
7uq6_0_37,0,C,37,62.453,9.115,-2.94,2.951,2022-06-15,86
7uq6_0_38,0,C,38,57.917,12.815,-4.682,2.951,2022-06-15,86
7uq6_0_39,0,C,39,53.82,16.896,-3.21,2.951,2022-06-15,86
7uq6_0_40,0,A,40,51.301,19.7,1.363,2.951,2022-06-15,86
7uq6_0_41,0,G,41,51.619,20.561,6.687,2.951,2022-06-15,86
7uq6_0_42,0,G,42,54.916,20.77,10.736,2.951,2022-06-15,86
7uq6_0_43,0,A,43,60.731,22.717,14.423,2.951,2022-06-15,86
7uq6_0_44,0,A,44,60.891,17.383,14.573,2.951,2022-06-15,86
7uq6_0_45,0,A,45,59.154,12.79,14.967,2.951,2022-06-15,86
7uq6_0_46,0,C,46,55.717,12.17,11.953,2.951,2022-06-15,86
7uq6_0_47,0,U,47,50.692,12.958,9.676,2.951,2022-06-15,86
7uq6_0_48,0,G,48,48.004,13.647,5.097,2.951,2022-06-15,86
7uq6_0_49,0,G,49,48.106,11.67,-0.644,2.951,2022-06-15,86
7uq6_0_50,0,C,50,44.597,6.218,-2.628,2.951,2022-06-15,86
7uq6_0_51,0,C,51,39.715,3.23,-1.763,2.951,2022-06-15,86
7uq6_0_52,0,C,52,35.214,2.386,1.451,2.951,2022-06-15,86
7uq6_0_53,0,G,53,32.039,4.394,4.99,2.951,2022-06-15,86
7uq6_0_54,0,G,54,30.134,8.352,8.342,2.951,2022-06-15,86
7uq6_0_55,0,G,55,28.591,13.954,9.785,2.951,2022-06-15,86
7uq6_0_56,0,U,56,26.68,18.31,7.588,2.951,2022-06-15,86
7uq6_0_57,0,C,57,20.95,22.105,4.151,2.951,2022-06-15,86
7uq6_0_58,0,G,58,14.337,25.532,6.626,2.951,2022-06-15,86
7uq6_0_59,0,C,59,18.698,27.5,-0.041,2.951,2022-06-15,86
7uq6_0_60,0,G,60,18.871,34.326,5.952,2.951,2022-06-15,86
7uq6_0_61,0,C,61,13.503,34.715,7.824,2.951,2022-06-15,86
7uq6_0_62,0,G,62,8.13,35.402,6.342,2.951,2022-06-15,86
7uq6_0_63,0,G,63,4.705,36.099,2.707,2.951,2022-06-15,86
7uq6_0_64,0,G,64,2.817,36.377,-2.798,2.951,2022-06-15,86
7uq6_0_65,0,U,65,2.35,34.104,-7.987,2.951,2022-06-15,86
7uq6_0_66,0,U,66,2.375,29.133,-9.78,2.951,2022-06-15,86
7uq6_0_67,0,C,67,0.268,22.384,-10.719,2.951,2022-06-15,86
7uq6_0_68,0,G,68,5.282,22.977,-8.934,2.951,2022-06-15,86
7uq6_0_69,0,A,69,9.932,28.315,-6.397,2.951,2022-06-15,86
7uq6_0_70,0,G,70,17.194,28.265,-4.652,2.951,2022-06-15,86
7uq6_0_71,0,U,71,15.168,30.078,-9.197,2.951,2022-06-15,86
7uq6_0_72,0,C,72,10.079,35.116,-10.473,2.951,2022-06-15,86
7uq6_0_73,0,C,73,7.722,39.477,-7.038,2.951,2022-06-15,86
7uq6_0_74,0,C,74,7.357,41.951,-2.081,2.951,2022-06-15,86
7uq6_0_75,0,G,75,8.698,42.909,3.009,2.951,2022-06-15,86
7uq6_0_76,0,U,76,12.147,42.383,6.666,2.951,2022-06-15,86
7uq6_0_77,0,C,77,17.148,40.675,8.973,2.951,2022-06-15,86
7uq6_0_78,0,U,78,22.532,40.205,8.603,2.951,2022-06-15,86
7uq6_0_79,0,U,79,27.098,41.214,5.987,2.951,2022-06-15,86
7uq6_0_80,0,C,80,29.454,44.107,2.558,2.951,2022-06-15,86
7uq6_0_81,0,C,81,30.153,48.543,-0.545,2.951,2022-06-15,86
7uq6_0_82,0,G,82,29.682,54.121,-1.872,2.951,2022-06-15,86
7uq6_0_83,0,C,83,28.256,59.151,-0.308,2.951,2022-06-15,86
7uq6_0_84,0,U,84,27.129,61.538,4.246,2.951,2022-06-15,86
7uq6_0_85,0,C,85,25.508,64.574,9.787,2.951,2022-06-15,86
7uq6_0_86,0,C,86,30.268,66.086,15.205,2.951,2022-06-15,86
